Database Update!

New version tag: 1.5.0.4_2019-05-29_1

Number of Added packages: 33
Number of Updated packages: 7
Number of Disabled packages: 2
Number of Removed packages: 27
Number of Moved packages: 199
Number of Renamed packages: 0
Number of Internally renamed packages: 9

Added:
 - Ingame Misc->Hitmarker by Aimdrol->default
 - Garage graphics->Carousel graphics
 - Garage graphics->Carousel graphics->Carousel Daily XP Bonus Icons by HAWG->select pre-defined colors
 - Garage graphics->Carousel graphics->Carousel Daily XP Bonus Icons by HAWG->select your own colors
 - Garage graphics->Carousel graphics->Carousel Daily XP Bonus Icons by HAWG->select your own colors->2x
 - Garage graphics->Carousel graphics->Carousel Daily XP Bonus Icons by HAWG->select your own colors->3x
 - Garage graphics->Carousel graphics->Carousel Daily XP Bonus Icons by HAWG->select your own colors->4x
 - Garage graphics->Carousel graphics->Carousel Daily XP Bonus Icons by HAWG->select your own colors->5x
 - Garage graphics->Carousel graphics->Tankicons - Carousel->Ghostman101278 Regular & Premium tank icons
 - Garage graphics->Carousel graphics->Tankicons - Carousel->LegionLosts regular & premium tank icons
 - Garage graphics->Carousel graphics->Tankicons - Carousel->Regular tank icons
 - Garage graphics->Carousel graphics->Tankicons - Carousel->Regular tank icons->Aslain´s brighter tank icons
 - Garage graphics->Carousel graphics->Tankicons - Carousel->Regular tank icons->Debrandeds default -  brighter Tank Icons
 - Garage graphics->Carousel graphics->Tankicons - Carousel->Regular tank icons->Debrandeds Camouflaged Tank Icons
 - Garage graphics->Carousel graphics->Tankicons - Carousel->Premium tank icons
 - Garage graphics->Carousel graphics->Tankicons - Carousel->Premium tank icons->Aslains golden premium tanks V0
 - Garage graphics->Carousel graphics->Tankicons - Carousel->Premium tank icons->Aslains golden premium tanks V1
 - Garage graphics->Carousel graphics->Tankicons - Carousel->Premium tank icons->Debrandeds Dark Gold Premium Tanks
 - Garage graphics->Carousel graphics->Tankicons - Carousel->Premium tank icons->Debrandeds Light Gold Premium Tanks
 - Garage graphics->Carousel graphics->Tankicons - Carousel->Premium tank icons->Debrandeds Camouflaged Premium Tanks
 - Garage graphics->Carousel graphics->Tankicons - Carousel->Premium tank icons->Debrandeds preColored Tanks
 - Garage graphics->Carousel graphics->Tankicons - Carousel->Premium tank icons->Kaptain_Prio Greater Premium Tanks
 - Garage graphics->Crew graphics
 - Garage graphics->Crew graphics->Crew Icons
 - Garage graphics->Crew graphics->Crew Icons->different crew icons
 - Garage graphics->Crew graphics->Crew Icons->LordFelix´ tinted female crew icons
 - Garage graphics->Crew graphics->Crew Icons->Crew Icons w/wo Nationflags by DEbranded
 - Garage graphics->Crew graphics->Crew Skills (in personal files)
 - Garage graphics->Crew graphics->Crew Skills (in personal files)->DEbranded´s crew skills
 - Garage graphics->Crew graphics->Crew Skills (in personal files)->Sabaton Brotherhood by The Illusion
 - Garage graphics->Loading graphics
 - Garage graphics->Tech Tree
 - Sound Mods->Music Mods->Russian Music Mods->by Andre_V->Russian Rock

Updated:
 - Dependency_XVM_Main_Files
 - Ingame Aim->Battle Assistant v2.2.1->Increased Smooth Time (0,5)
 - Ingame Info->Marks on Gun Extended (MoE) v7.02 (Marks of Excellence)
 - Ingame Misc->Hitmarker by Aimdrol
 - Ingame Misc->Hitmarker by Aimdrol->Comics Version
 - Ingame Misc->Hitmarker by Aimdrol->Damage, Ramming, Kamakazie
 - Statistics->Garage Session Statistics->Session Statistics by Ragnarocek

Renamed:

Moved:
 - "Garage graphics->Carousel Daily XP Bonus Icons by HAWG" was moved to "Garage graphics->Carousel graphics->Carousel Daily XP Bonus Icons by HAWG"
 - "Garage graphics->Carousel Daily XP Bonus Icons by HAWG->select pre-defined colors->elektrosmoker´s colorselection (taken from HAWG)" was moved to "Garage graphics->Carousel graphics->Carousel Daily XP Bonus Icons by HAWG->select pre-defined colors->elektrosmoker´s colorselection (taken from HAWG)"
 - "Garage graphics->Carousel Daily XP Bonus Icons by HAWG->select pre-defined colors->Aqua" was moved to "Garage graphics->Carousel graphics->Carousel Daily XP Bonus Icons by HAWG->select pre-defined colors->Aqua"
 - "Garage graphics->Carousel Daily XP Bonus Icons by HAWG->select pre-defined colors->Blue" was moved to "Garage graphics->Carousel graphics->Carousel Daily XP Bonus Icons by HAWG->select pre-defined colors->Blue"
 - "Garage graphics->Carousel Daily XP Bonus Icons by HAWG->select pre-defined colors->Green" was moved to "Garage graphics->Carousel graphics->Carousel Daily XP Bonus Icons by HAWG->select pre-defined colors->Green"
 - "Garage graphics->Carousel Daily XP Bonus Icons by HAWG->select pre-defined colors->Lime" was moved to "Garage graphics->Carousel graphics->Carousel Daily XP Bonus Icons by HAWG->select pre-defined colors->Lime"
 - "Garage graphics->Carousel Daily XP Bonus Icons by HAWG->select pre-defined colors->Orange" was moved to "Garage graphics->Carousel graphics->Carousel Daily XP Bonus Icons by HAWG->select pre-defined colors->Orange"
 - "Garage graphics->Carousel Daily XP Bonus Icons by HAWG->select pre-defined colors->Purple" was moved to "Garage graphics->Carousel graphics->Carousel Daily XP Bonus Icons by HAWG->select pre-defined colors->Purple"
 - "Garage graphics->Carousel Daily XP Bonus Icons by HAWG->select pre-defined colors->Yellow" was moved to "Garage graphics->Carousel graphics->Carousel Daily XP Bonus Icons by HAWG->select pre-defined colors->Yellow"
 - "Garage graphics->Carousel Daily XP Bonus Icons by HAWG->select your own colors->2x->Aqua" was moved to "Garage graphics->Carousel graphics->Carousel Daily XP Bonus Icons by HAWG->select your own colors->2x->Aqua"
 - "Garage graphics->Carousel Daily XP Bonus Icons by HAWG->select your own colors->2x->Blue" was moved to "Garage graphics->Carousel graphics->Carousel Daily XP Bonus Icons by HAWG->select your own colors->2x->Blue"
 - "Garage graphics->Carousel Daily XP Bonus Icons by HAWG->select your own colors->2x->Green" was moved to "Garage graphics->Carousel graphics->Carousel Daily XP Bonus Icons by HAWG->select your own colors->2x->Green"
 - "Garage graphics->Carousel Daily XP Bonus Icons by HAWG->select your own colors->2x->Lime" was moved to "Garage graphics->Carousel graphics->Carousel Daily XP Bonus Icons by HAWG->select your own colors->2x->Lime"
 - "Garage graphics->Carousel Daily XP Bonus Icons by HAWG->select your own colors->2x->Orange" was moved to "Garage graphics->Carousel graphics->Carousel Daily XP Bonus Icons by HAWG->select your own colors->2x->Orange"
 - "Garage graphics->Carousel Daily XP Bonus Icons by HAWG->select your own colors->2x->Purple" was moved to "Garage graphics->Carousel graphics->Carousel Daily XP Bonus Icons by HAWG->select your own colors->2x->Purple"
 - "Garage graphics->Carousel Daily XP Bonus Icons by HAWG->select your own colors->2x->Yellow" was moved to "Garage graphics->Carousel graphics->Carousel Daily XP Bonus Icons by HAWG->select your own colors->2x->Yellow"
 - "Garage graphics->Carousel Daily XP Bonus Icons by HAWG->select your own colors->3x->Aqua" was moved to "Garage graphics->Carousel graphics->Carousel Daily XP Bonus Icons by HAWG->select your own colors->3x->Aqua"
 - "Garage graphics->Carousel Daily XP Bonus Icons by HAWG->select your own colors->3x->Blue" was moved to "Garage graphics->Carousel graphics->Carousel Daily XP Bonus Icons by HAWG->select your own colors->3x->Blue"
 - "Garage graphics->Carousel Daily XP Bonus Icons by HAWG->select your own colors->3x->Green" was moved to "Garage graphics->Carousel graphics->Carousel Daily XP Bonus Icons by HAWG->select your own colors->3x->Green"
 - "Garage graphics->Carousel Daily XP Bonus Icons by HAWG->select your own colors->3x->Lime" was moved to "Garage graphics->Carousel graphics->Carousel Daily XP Bonus Icons by HAWG->select your own colors->3x->Lime"
 - "Garage graphics->Carousel Daily XP Bonus Icons by HAWG->select your own colors->3x->Orange" was moved to "Garage graphics->Carousel graphics->Carousel Daily XP Bonus Icons by HAWG->select your own colors->3x->Orange"
 - "Garage graphics->Carousel Daily XP Bonus Icons by HAWG->select your own colors->3x->Purple" was moved to "Garage graphics->Carousel graphics->Carousel Daily XP Bonus Icons by HAWG->select your own colors->3x->Purple"
 - "Garage graphics->Carousel Daily XP Bonus Icons by HAWG->select your own colors->3x->Yellow" was moved to "Garage graphics->Carousel graphics->Carousel Daily XP Bonus Icons by HAWG->select your own colors->3x->Yellow"
 - "Garage graphics->Carousel Daily XP Bonus Icons by HAWG->select your own colors->4x->Aqua" was moved to "Garage graphics->Carousel graphics->Carousel Daily XP Bonus Icons by HAWG->select your own colors->4x->Aqua"
 - "Garage graphics->Carousel Daily XP Bonus Icons by HAWG->select your own colors->4x->Blue" was moved to "Garage graphics->Carousel graphics->Carousel Daily XP Bonus Icons by HAWG->select your own colors->4x->Blue"
 - "Garage graphics->Carousel Daily XP Bonus Icons by HAWG->select your own colors->4x->Green" was moved to "Garage graphics->Carousel graphics->Carousel Daily XP Bonus Icons by HAWG->select your own colors->4x->Green"
 - "Garage graphics->Carousel Daily XP Bonus Icons by HAWG->select your own colors->4x->Lime" was moved to "Garage graphics->Carousel graphics->Carousel Daily XP Bonus Icons by HAWG->select your own colors->4x->Lime"
 - "Garage graphics->Carousel Daily XP Bonus Icons by HAWG->select your own colors->4x->Orange" was moved to "Garage graphics->Carousel graphics->Carousel Daily XP Bonus Icons by HAWG->select your own colors->4x->Orange"
 - "Garage graphics->Carousel Daily XP Bonus Icons by HAWG->select your own colors->4x->Purple" was moved to "Garage graphics->Carousel graphics->Carousel Daily XP Bonus Icons by HAWG->select your own colors->4x->Purple"
 - "Garage graphics->Carousel Daily XP Bonus Icons by HAWG->select your own colors->4x->Yellow" was moved to "Garage graphics->Carousel graphics->Carousel Daily XP Bonus Icons by HAWG->select your own colors->4x->Yellow"
 - "Garage graphics->Carousel Daily XP Bonus Icons by HAWG->select your own colors->5x->Aqua" was moved to "Garage graphics->Carousel graphics->Carousel Daily XP Bonus Icons by HAWG->select your own colors->5x->Aqua"
 - "Garage graphics->Carousel Daily XP Bonus Icons by HAWG->select your own colors->5x->Blue" was moved to "Garage graphics->Carousel graphics->Carousel Daily XP Bonus Icons by HAWG->select your own colors->5x->Blue"
 - "Garage graphics->Carousel Daily XP Bonus Icons by HAWG->select your own colors->5x->Green" was moved to "Garage graphics->Carousel graphics->Carousel Daily XP Bonus Icons by HAWG->select your own colors->5x->Green"
 - "Garage graphics->Carousel Daily XP Bonus Icons by HAWG->select your own colors->5x->Lime" was moved to "Garage graphics->Carousel graphics->Carousel Daily XP Bonus Icons by HAWG->select your own colors->5x->Lime"
 - "Garage graphics->Carousel Daily XP Bonus Icons by HAWG->select your own colors->5x->Orange" was moved to "Garage graphics->Carousel graphics->Carousel Daily XP Bonus Icons by HAWG->select your own colors->5x->Orange"
 - "Garage graphics->Carousel Daily XP Bonus Icons by HAWG->select your own colors->5x->Purple" was moved to "Garage graphics->Carousel graphics->Carousel Daily XP Bonus Icons by HAWG->select your own colors->5x->Purple"
 - "Garage graphics->Carousel Daily XP Bonus Icons by HAWG->select your own colors->5x->Yellow" was moved to "Garage graphics->Carousel graphics->Carousel Daily XP Bonus Icons by HAWG->select your own colors->5x->Yellow"
 - "Garage graphics->Carousel LED (different colors)" was moved to "Garage graphics->Carousel graphics->Carousel LED (different colors)"
 - "Garage graphics->Carousel LED (different colors)->Aqua" was moved to "Garage graphics->Carousel graphics->Carousel LED (different colors)->Aqua"
 - "Garage graphics->Carousel LED (different colors)->Aqua Yellow" was moved to "Garage graphics->Carousel graphics->Carousel LED (different colors)->Aqua Yellow"
 - "Garage graphics->Carousel LED (different colors)->Bangel Tiger" was moved to "Garage graphics->Carousel graphics->Carousel LED (different colors)->Bangel Tiger"
 - "Garage graphics->Carousel LED (different colors)->Blue" was moved to "Garage graphics->Carousel graphics->Carousel LED (different colors)->Blue"
 - "Garage graphics->Carousel LED (different colors)->Blue Green" was moved to "Garage graphics->Carousel graphics->Carousel LED (different colors)->Blue Green"
 - "Garage graphics->Carousel LED (different colors)->Blue Red Strips" was moved to "Garage graphics->Carousel graphics->Carousel LED (different colors)->Blue Red Strips"
 - "Garage graphics->Carousel LED (different colors)->Candy Cane" was moved to "Garage graphics->Carousel graphics->Carousel LED (different colors)->Candy Cane"
 - "Garage graphics->Carousel LED (different colors)->Caribbean" was moved to "Garage graphics->Carousel graphics->Carousel LED (different colors)->Caribbean"
 - "Garage graphics->Carousel LED (different colors)->Green" was moved to "Garage graphics->Carousel graphics->Carousel LED (different colors)->Green"
 - "Garage graphics->Carousel LED (different colors)->Green Purple" was moved to "Garage graphics->Carousel graphics->Carousel LED (different colors)->Green Purple"
 - "Garage graphics->Carousel LED (different colors)->Green Purple Strips" was moved to "Garage graphics->Carousel graphics->Carousel LED (different colors)->Green Purple Strips"
 - "Garage graphics->Carousel LED (different colors)->HE" was moved to "Garage graphics->Carousel graphics->Carousel LED (different colors)->HE"
 - "Garage graphics->Carousel LED (different colors)->KeyLimePie" was moved to "Garage graphics->Carousel graphics->Carousel LED (different colors)->KeyLimePie"
 - "Garage graphics->Carousel LED (different colors)->LimeAid" was moved to "Garage graphics->Carousel graphics->Carousel LED (different colors)->LimeAid"
 - "Garage graphics->Carousel LED (different colors)->Orange" was moved to "Garage graphics->Carousel graphics->Carousel LED (different colors)->Orange"
 - "Garage graphics->Carousel LED (different colors)->Orange Black" was moved to "Garage graphics->Carousel graphics->Carousel LED (different colors)->Orange Black"
 - "Garage graphics->Carousel LED (different colors)->Pink" was moved to "Garage graphics->Carousel graphics->Carousel LED (different colors)->Pink"
 - "Garage graphics->Carousel LED (different colors)->PYSCHO 1" was moved to "Garage graphics->Carousel graphics->Carousel LED (different colors)->PYSCHO 1"
 - "Garage graphics->Carousel LED (different colors)->PYSCHO 2" was moved to "Garage graphics->Carousel graphics->Carousel LED (different colors)->PYSCHO 2"
 - "Garage graphics->Carousel LED (different colors)->PYSCHO 3" was moved to "Garage graphics->Carousel graphics->Carousel LED (different colors)->PYSCHO 3"
 - "Garage graphics->Carousel LED (different colors)->Purple" was moved to "Garage graphics->Carousel graphics->Carousel LED (different colors)->Purple"
 - "Garage graphics->Carousel LED (different colors)->Purple Yellow" was moved to "Garage graphics->Carousel graphics->Carousel LED (different colors)->Purple Yellow"
 - "Garage graphics->Carousel LED (different colors)->Red" was moved to "Garage graphics->Carousel graphics->Carousel LED (different colors)->Red"
 - "Garage graphics->Carousel LED (different colors)->Red Blue" was moved to "Garage graphics->Carousel graphics->Carousel LED (different colors)->Red Blue"
 - "Garage graphics->Carousel LED (different colors)->Sabaton" was moved to "Garage graphics->Carousel graphics->Carousel LED (different colors)->Sabaton"
 - "Garage graphics->Carousel LED (different colors)->USA" was moved to "Garage graphics->Carousel graphics->Carousel LED (different colors)->USA"
 - "Garage graphics->Carousel LED (different colors)->White" was moved to "Garage graphics->Carousel graphics->Carousel LED (different colors)->White"
 - "Garage graphics->Carousel LED (different colors)->White-Black" was moved to "Garage graphics->Carousel graphics->Carousel LED (different colors)->White-Black"
 - "Garage graphics->Carousel LED (different colors)->Yellow" was moved to "Garage graphics->Carousel graphics->Carousel LED (different colors)->Yellow"
 - "Garage graphics->Carousel LED (different colors)->Yellow Red" was moved to "Garage graphics->Carousel graphics->Carousel LED (different colors)->Yellow Red"
 - "Garage graphics->Tankicons - Carousel" was moved to "Garage graphics->Carousel graphics->Tankicons - Carousel"
 - "Garage graphics->Crew Icons->different crew icons->Anime" was moved to "Garage graphics->Crew graphics->Crew Icons->different crew icons->Anime"
 - "Garage graphics->Crew Icons->different crew icons->Girls und Panzer" was moved to "Garage graphics->Crew graphics->Crew Icons->different crew icons->Girls und Panzer"
 - "Garage graphics->Crew Icons->different crew icons->Jason by The Illusion v1.0" was moved to "Garage graphics->Crew graphics->Crew Icons->different crew icons->Jason by The Illusion v1.0"
 - "Garage graphics->Crew Icons->different crew icons->RNGesus by The Illusion v1.4" was moved to "Garage graphics->Crew graphics->Crew Icons->different crew icons->RNGesus by The Illusion v1.4"
 - "Garage graphics->Crew Icons->LordFelix´ tinted female crew icons->BLUE" was moved to "Garage graphics->Crew graphics->Crew Icons->LordFelix´ tinted female crew icons->BLUE"
 - "Garage graphics->Crew Icons->LordFelix´ tinted female crew icons->CYAN" was moved to "Garage graphics->Crew graphics->Crew Icons->LordFelix´ tinted female crew icons->CYAN"
 - "Garage graphics->Crew Icons->LordFelix´ tinted female crew icons->FUCSIA" was moved to "Garage graphics->Crew graphics->Crew Icons->LordFelix´ tinted female crew icons->FUCSIA"
 - "Garage graphics->Crew Icons->LordFelix´ tinted female crew icons->GREEN" was moved to "Garage graphics->Crew graphics->Crew Icons->LordFelix´ tinted female crew icons->GREEN"
 - "Garage graphics->Crew Icons->LordFelix´ tinted female crew icons->GREEN 2" was moved to "Garage graphics->Crew graphics->Crew Icons->LordFelix´ tinted female crew icons->GREEN 2"
 - "Garage graphics->Crew Icons->LordFelix´ tinted female crew icons->ORANGE" was moved to "Garage graphics->Crew graphics->Crew Icons->LordFelix´ tinted female crew icons->ORANGE"
 - "Garage graphics->Crew Icons->LordFelix´ tinted female crew icons->PURPLE" was moved to "Garage graphics->Crew graphics->Crew Icons->LordFelix´ tinted female crew icons->PURPLE"
 - "Garage graphics->Crew Icons->Crew Icons w/wo Nationflags by DEbranded->Big Portrait" was moved to "Garage graphics->Crew graphics->Crew Icons->Crew Icons w/wo Nationflags by DEbranded->Big Portrait"
 - "Garage graphics->Crew Icons->Crew Icons w/wo Nationflags by DEbranded->Germany" was moved to "Garage graphics->Crew graphics->Crew Icons->Crew Icons w/wo Nationflags by DEbranded->Germany"
 - "Garage graphics->Crew Icons->Crew Icons w/wo Nationflags by DEbranded->Germany->Scifi Germany" was moved to "Garage graphics->Crew graphics->Crew Icons->Crew Icons w/wo Nationflags by DEbranded->Germany->Scifi Germany"
 - "Garage graphics->Crew Icons->Crew Icons w/wo Nationflags by DEbranded->Germany->Germany (since 1990)" was moved to "Garage graphics->Crew graphics->Crew Icons->Crew Icons w/wo Nationflags by DEbranded->Germany->Germany (since 1990)"
 - "Garage graphics->Crew Icons->Crew Icons w/wo Nationflags by DEbranded->Germany->East Germany DDR" was moved to "Garage graphics->Crew graphics->Crew Icons->Crew Icons w/wo Nationflags by DEbranded->Germany->East Germany DDR"
 - "Garage graphics->Crew Icons->Crew Icons w/wo Nationflags by DEbranded->Germany->Federal Republic of Germany BRD "West Germany"" was moved to "Garage graphics->Crew graphics->Crew Icons->Crew Icons w/wo Nationflags by DEbranded->Germany->Federal Republic of Germany BRD "West Germany""
 - "Garage graphics->Crew Icons->Crew Icons w/wo Nationflags by DEbranded->Germany->Navy Germany 1871-1918 "Reichskriegsflagge"" was moved to "Garage graphics->Crew graphics->Crew Icons->Crew Icons w/wo Nationflags by DEbranded->Germany->Navy Germany 1871-1918 "Reichskriegsflagge""
 - "Garage graphics->Crew Icons->Crew Icons w/wo Nationflags by DEbranded->Germany->Army Germany 1867-1921 "Reichskriegsflagge"" was moved to "Garage graphics->Crew graphics->Crew Icons->Crew Icons w/wo Nationflags by DEbranded->Germany->Army Germany 1867-1921 "Reichskriegsflagge""
 - "Garage graphics->Crew Icons->Crew Icons w/wo Nationflags by DEbranded->Russia & UDSSR" was moved to "Garage graphics->Crew graphics->Crew Icons->Crew Icons w/wo Nationflags by DEbranded->Russia & UDSSR"
 - "Garage graphics->Crew Icons->Crew Icons w/wo Nationflags by DEbranded->Russia & UDSSR->UDSSR" was moved to "Garage graphics->Crew graphics->Crew Icons->Crew Icons w/wo Nationflags by DEbranded->Russia & UDSSR->UDSSR"
 - "Garage graphics->Crew Icons->Crew Icons w/wo Nationflags by DEbranded->Russia & UDSSR->Russia with coat of arms" was moved to "Garage graphics->Crew graphics->Crew Icons->Crew Icons w/wo Nationflags by DEbranded->Russia & UDSSR->Russia with coat of arms"
 - "Garage graphics->Crew Icons->Crew Icons w/wo Nationflags by DEbranded->Russia & UDSSR->Belarus" was moved to "Garage graphics->Crew graphics->Crew Icons->Crew Icons w/wo Nationflags by DEbranded->Russia & UDSSR->Belarus"
 - "Garage graphics->Crew Icons->Crew Icons w/wo Nationflags by DEbranded->Russia & UDSSR->Belarus WW 1" was moved to "Garage graphics->Crew graphics->Crew Icons->Crew Icons w/wo Nationflags by DEbranded->Russia & UDSSR->Belarus WW 1"
 - "Garage graphics->Crew Icons->Crew Icons w/wo Nationflags by DEbranded->USA" was moved to "Garage graphics->Crew graphics->Crew Icons->Crew Icons w/wo Nationflags by DEbranded->USA"
 - "Garage graphics->Crew Icons->Crew Icons w/wo Nationflags by DEbranded->USA->USA" was moved to "Garage graphics->Crew graphics->Crew Icons->Crew Icons w/wo Nationflags by DEbranded->USA->USA"
 - "Garage graphics->Crew Icons->Crew Icons w/wo Nationflags by DEbranded->USA->Confederate States of America" was moved to "Garage graphics->Crew graphics->Crew Icons->Crew Icons w/wo Nationflags by DEbranded->USA->Confederate States of America"
 - "Garage graphics->Crew Icons->Crew Icons w/wo Nationflags by DEbranded->France" was moved to "Garage graphics->Crew graphics->Crew Icons->Crew Icons w/wo Nationflags by DEbranded->France"
 - "Garage graphics->Crew Icons->Crew Icons w/wo Nationflags by DEbranded->France->France Tricolour" was moved to "Garage graphics->Crew graphics->Crew Icons->Crew Icons w/wo Nationflags by DEbranded->France->France Tricolour"
 - "Garage graphics->Crew Icons->Crew Icons w/wo Nationflags by DEbranded->France->Free France" was moved to "Garage graphics->Crew graphics->Crew Icons->Crew Icons w/wo Nationflags by DEbranded->France->Free France"
 - "Garage graphics->Crew Icons->Crew Icons w/wo Nationflags by DEbranded->United Kingdom" was moved to "Garage graphics->Crew graphics->Crew Icons->Crew Icons w/wo Nationflags by DEbranded->United Kingdom"
 - "Garage graphics->Crew Icons->Crew Icons w/wo Nationflags by DEbranded->United Kingdom->United Kingdom" was moved to "Garage graphics->Crew graphics->Crew Icons->Crew Icons w/wo Nationflags by DEbranded->United Kingdom->United Kingdom"
 - "Garage graphics->Crew Icons->Crew Icons w/wo Nationflags by DEbranded->United Kingdom->United Kingdom with Royal coat of arms" was moved to "Garage graphics->Crew graphics->Crew Icons->Crew Icons w/wo Nationflags by DEbranded->United Kingdom->United Kingdom with Royal coat of arms"
 - "Garage graphics->Crew Icons->Crew Icons w/wo Nationflags by DEbranded->China" was moved to "Garage graphics->Crew graphics->Crew Icons->Crew Icons w/wo Nationflags by DEbranded->China"
 - "Garage graphics->Crew Icons->Crew Icons w/wo Nationflags by DEbranded->China->Peoples Republic of China" was moved to "Garage graphics->Crew graphics->Crew Icons->Crew Icons w/wo Nationflags by DEbranded->China->Peoples Republic of China"
 - "Garage graphics->Crew Icons->Crew Icons w/wo Nationflags by DEbranded->China->Peoples Liberation Army Ground Force China" was moved to "Garage graphics->Crew graphics->Crew Icons->Crew Icons w/wo Nationflags by DEbranded->China->Peoples Liberation Army Ground Force China"
 - "Garage graphics->Crew Icons->Crew Icons w/wo Nationflags by DEbranded->China->Republic of China" was moved to "Garage graphics->Crew graphics->Crew Icons->Crew Icons w/wo Nationflags by DEbranded->China->Republic of China"
 - "Garage graphics->Crew Icons->Crew Icons w/wo Nationflags by DEbranded->Japan" was moved to "Garage graphics->Crew graphics->Crew Icons->Crew Icons w/wo Nationflags by DEbranded->Japan"
 - "Garage graphics->Crew Icons->Crew Icons w/wo Nationflags by DEbranded->Japan->Japan" was moved to "Garage graphics->Crew graphics->Crew Icons->Crew Icons w/wo Nationflags by DEbranded->Japan->Japan"
 - "Garage graphics->Crew Icons->Crew Icons w/wo Nationflags by DEbranded->Japan->Japan Maritime Self-Defense Force 1954- "Rising Sun"" was moved to "Garage graphics->Crew graphics->Crew Icons->Crew Icons w/wo Nationflags by DEbranded->Japan->Japan Maritime Self-Defense Force 1954- "Rising Sun""
 - "Garage graphics->Crew Icons->Crew Icons w/wo Nationflags by DEbranded->Czech Republic" was moved to "Garage graphics->Crew graphics->Crew Icons->Crew Icons w/wo Nationflags by DEbranded->Czech Republic"
 - "Garage graphics->Crew Icons->Crew Icons w/wo Nationflags by DEbranded->Czech Republic->Czech Republic" was moved to "Garage graphics->Crew graphics->Crew Icons->Crew Icons w/wo Nationflags by DEbranded->Czech Republic->Czech Republic"
 - "Garage graphics->Crew Icons->Crew Icons w/wo Nationflags by DEbranded->Czech Republic->Czech Republic Tricolour" was moved to "Garage graphics->Crew graphics->Crew Icons->Crew Icons w/wo Nationflags by DEbranded->Czech Republic->Czech Republic Tricolour"
 - "Garage graphics->Crew Icons->Crew Icons w/wo Nationflags by DEbranded->Czech Republic->First Slovak Republic" was moved to "Garage graphics->Crew graphics->Crew Icons->Crew Icons w/wo Nationflags by DEbranded->Czech Republic->First Slovak Republic"
 - "Garage graphics->Crew Icons->Crew Icons w/wo Nationflags by DEbranded->Poland" was moved to "Garage graphics->Crew graphics->Crew Icons->Crew Icons w/wo Nationflags by DEbranded->Poland"
 - "Garage graphics->Crew Icons->Crew Icons w/wo Nationflags by DEbranded->Poland->Poland" was moved to "Garage graphics->Crew graphics->Crew Icons->Crew Icons w/wo Nationflags by DEbranded->Poland->Poland"
 - "Garage graphics->Crew Icons->Crew Icons w/wo Nationflags by DEbranded->Poland->Poland with coat of arms" was moved to "Garage graphics->Crew graphics->Crew Icons->Crew Icons w/wo Nationflags by DEbranded->Poland->Poland with coat of arms"
 - "Garage graphics->Crew Icons->Crew Icons w/wo Nationflags by DEbranded->Poland->Home Army Poland" was moved to "Garage graphics->Crew graphics->Crew Icons->Crew Icons w/wo Nationflags by DEbranded->Poland->Home Army Poland"
 - "Garage graphics->Crew Icons->Crew Icons w/wo Nationflags by DEbranded->Sweden" was moved to "Garage graphics->Crew graphics->Crew Icons->Crew Icons w/wo Nationflags by DEbranded->Sweden"
 - "Garage graphics->Crew Icons->Crew Icons w/wo Nationflags by DEbranded->Italy" was moved to "Garage graphics->Crew graphics->Crew Icons->Crew Icons w/wo Nationflags by DEbranded->Italy"
 - "Garage graphics->Crew Icons->Crew Icons w/wo Nationflags by DEbranded->Italy->Italy" was moved to "Garage graphics->Crew graphics->Crew Icons->Crew Icons w/wo Nationflags by DEbranded->Italy->Italy"
 - "Garage graphics->Crew Icons->Crew Icons w/wo Nationflags by DEbranded->Italy->Flag of Italy" was moved to "Garage graphics->Crew graphics->Crew Icons->Crew Icons w/wo Nationflags by DEbranded->Italy->Flag of Italy"
 - "Garage graphics->Crew Icons->Crew Icons w/wo Nationflags by DEbranded->Italy->Italian Social Republic" was moved to "Garage graphics->Crew graphics->Crew Icons->Crew Icons w/wo Nationflags by DEbranded->Italy->Italian Social Republic"
 - "Garage graphics->Loading Animation" was moved to "Garage graphics->Loading graphics->Loading Animation"
 - "Garage graphics->Loading Animation->Illuminati by Aimdrol" was moved to "Garage graphics->Loading graphics->Loading Animation->Illuminati by Aimdrol"
 - "Garage graphics->Loading Animation->OMC by Technowolf (RIP OMC)" was moved to "Garage graphics->Loading graphics->Loading Animation->OMC by Technowolf (RIP OMC)"
 - "Garage graphics->Loading Animation->HARPOON by lenya69" was moved to "Garage graphics->Loading graphics->Loading Animation->HARPOON by lenya69"
 - "Garage graphics->Loading Animation->XMAS Girl by ZloyYurich" was moved to "Garage graphics->Loading graphics->Loading Animation->XMAS Girl by ZloyYurich"
 - "Garage graphics->Loading Animation->Blue Cog" was moved to "Garage graphics->Loading graphics->Loading Animation->Blue Cog"
 - "Garage graphics->Loading Animation->Clan" was moved to "Garage graphics->Loading graphics->Loading Animation->Clan"
 - "Garage graphics->Loading Animation->Cowgirl" was moved to "Garage graphics->Loading graphics->Loading Animation->Cowgirl"
 - "Garage graphics->Loading Animation->Fallen Soldier" was moved to "Garage graphics->Loading graphics->Loading Animation->Fallen Soldier"
 - "Garage graphics->Loading Animation->Fire Ball" was moved to "Garage graphics->Loading graphics->Loading Animation->Fire Ball"
 - "Garage graphics->Loading Animation->Ghostbusters" was moved to "Garage graphics->Loading graphics->Loading Animation->Ghostbusters"
 - "Garage graphics->Loading Animation->Grim" was moved to "Garage graphics->Loading graphics->Loading Animation->Grim"
 - "Garage graphics->Loading Animation->HAWG" was moved to "Garage graphics->Loading graphics->Loading Animation->HAWG"
 - "Garage graphics->Loading Animation->Hypnotize Swirls Cog" was moved to "Garage graphics->Loading graphics->Loading Animation->Hypnotize Swirls Cog"
 - "Garage graphics->Loading Animation->Leviathan Ghost" was moved to "Garage graphics->Loading graphics->Loading Animation->Leviathan Ghost"
 - "Garage graphics->Loading Animation->Original Cog" was moved to "Garage graphics->Loading graphics->Loading Animation->Original Cog"
 - "Garage graphics->Loading Animation->Pin Up Girl" was moved to "Garage graphics->Loading graphics->Loading Animation->Pin Up Girl"
 - "Garage graphics->Loading Animation->Rank" was moved to "Garage graphics->Loading graphics->Loading Animation->Rank"
 - "Garage graphics->Loading Animation->Red Cog" was moved to "Garage graphics->Loading graphics->Loading Animation->Red Cog"
 - "Garage graphics->Loading Animation->Skull" was moved to "Garage graphics->Loading graphics->Loading Animation->Skull"
 - "Garage graphics->Loading Animation->Skull 2" was moved to "Garage graphics->Loading graphics->Loading Animation->Skull 2"
 - "Garage graphics->Loading Animation->Swords" was moved to "Garage graphics->Loading graphics->Loading Animation->Swords"
 - "Garage graphics->Loading Animation->Tank" was moved to "Garage graphics->Loading graphics->Loading Animation->Tank"
 - "Garage graphics->Loading Animation->Tracks" was moved to "Garage graphics->Loading graphics->Loading Animation->Tracks"
 - "Garage graphics->Loading Animation->X-Files" was moved to "Garage graphics->Loading graphics->Loading Animation->X-Files"
 - "Garage graphics->Loading Animation->WWIIHWA Ambiente by Budyx69" was moved to "Garage graphics->Loading graphics->Loading Animation->WWIIHWA Ambiente by Budyx69"
 - "Garage graphics->Loading Logo" was moved to "Garage graphics->Loading graphics->Loading Logo"
 - "Garage graphics->Loading Logo->No Logo (Relhax default)" was moved to "Garage graphics->Loading graphics->Loading Logo->No Logo (Relhax default)"
 - "Garage graphics->Loading Logo->Default Logo" was moved to "Garage graphics->Loading graphics->Loading Logo->Default Logo"
 - "Garage graphics->Loading Logo->German Tank Racing" was moved to "Garage graphics->Loading graphics->Loading Logo->German Tank Racing"
 - "Garage graphics->Loading Logo->Relhax Logo" was moved to "Garage graphics->Loading graphics->Loading Logo->Relhax Logo"
 - "Garage graphics->Loading Logo->Relhax Logo (with a small background image)" was moved to "Garage graphics->Loading graphics->Loading Logo->Relhax Logo (with a small background image)"
 - "Garage graphics->Loading Logo->HD WoT-Logo" was moved to "Garage graphics->Loading graphics->Loading Logo->HD WoT-Logo"
 - "Garage graphics->Loading Logo->8bit WoT-Logo" was moved to "Garage graphics->Loading graphics->Loading Logo->8bit WoT-Logo"
 - "Garage graphics->Loading Logo->Black Sons Of Anarchy Style WoT-Logo" was moved to "Garage graphics->Loading graphics->Loading Logo->Black Sons Of Anarchy Style WoT-Logo"
 - "Garage graphics->Loading Logo->White WoT-Logo" was moved to "Garage graphics->Loading graphics->Loading Logo->White WoT-Logo"
 - "Garage graphics->Loading Splashscreen Picture" was moved to "Garage graphics->Loading graphics->Loading Splashscreen Picture"
 - "Garage graphics->Loading Splashscreen Picture->DEFAULT by Relhax (changes from time to time)" was moved to "Garage graphics->Loading graphics->Loading Splashscreen Picture->DEFAULT by Relhax (changes from time to time)"
 - "Garage graphics->Loading Splashscreen Picture->DEFAULT by Wargaming" was moved to "Garage graphics->Loading graphics->Loading Splashscreen Picture->DEFAULT by Wargaming"
 - "Garage graphics->Loading Splashscreen Picture->New Year 2018 / 2019 by elektrosmoker" was moved to "Garage graphics->Loading graphics->Loading Splashscreen Picture->New Year 2018 / 2019 by elektrosmoker"
 - "Garage graphics->Loading Splashscreen Picture->Girls und Panzer - Main Crew" was moved to "Garage graphics->Loading graphics->Loading Splashscreen Picture->Girls und Panzer - Main Crew"
 - "Garage graphics->Loading Splashscreen Picture->German Tank Racing" was moved to "Garage graphics->Loading graphics->Loading Splashscreen Picture->German Tank Racing"
 - "Garage graphics->Loading Splashscreen Picture->Nr.1 by Warranted" was moved to "Garage graphics->Loading graphics->Loading Splashscreen Picture->Nr.1 by Warranted"
 - "Garage graphics->Loading Splashscreen Picture->Wheels by Warranted" was moved to "Garage graphics->Loading graphics->Loading Splashscreen Picture->Wheels by Warranted"
 - "Garage graphics->Loading Splashscreen Picture->XMAS 2018 by Warranted" was moved to "Garage graphics->Loading graphics->Loading Splashscreen Picture->XMAS 2018 by Warranted"
 - "Garage graphics->Loading Splashscreen Picture->WWIIHWA Ambiente" was moved to "Garage graphics->Loading graphics->Loading Splashscreen Picture->WWIIHWA Ambiente"
 - "Garage graphics->Loading Splashscreen Picture->T49" was moved to "Garage graphics->Loading graphics->Loading Splashscreen Picture->T49"
 - "Garage graphics->Loading Splashscreen Picture->StuG FanArt" was moved to "Garage graphics->Loading graphics->Loading Splashscreen Picture->StuG FanArt"
 - "Garage graphics->Loading Splashscreen Picture->Star Trek - Borg" was moved to "Garage graphics->Loading graphics->Loading Splashscreen Picture->Star Trek - Borg"
 - "Garage graphics->Loading Splashscreen Picture->Star Trek - Romulan" was moved to "Garage graphics->Loading graphics->Loading Splashscreen Picture->Star Trek - Romulan"
 - "Garage graphics->Loading Splashscreen Picture->Star Trek - Klingon" was moved to "Garage graphics->Loading graphics->Loading Splashscreen Picture->Star Trek - Klingon"
 - "Garage graphics->Loading Splashscreen Picture->Star Trek - Lcars" was moved to "Garage graphics->Loading graphics->Loading Splashscreen Picture->Star Trek - Lcars"
 - "Garage graphics->Loading Splashscreen Picture->Star Trek - United Federation of Planets" was moved to "Garage graphics->Loading graphics->Loading Splashscreen Picture->Star Trek - United Federation of Planets"
 - "Garage graphics->Loading Splashscreen Picture->Winnie" was moved to "Garage graphics->Loading graphics->Loading Splashscreen Picture->Winnie"
 - "Garage graphics->Loading Splashscreen Picture->X-Files" was moved to "Garage graphics->Loading graphics->Loading Splashscreen Picture->X-Files"
 - "Garage graphics->Loginscreen Background" was moved to "Garage graphics->Loading graphics->Loginscreen Background"
 - "Garage graphics->Loginscreen Background->Video" was moved to "Garage graphics->Loading graphics->Loginscreen Background->Video"
 - "Garage graphics->Loginscreen Background->Video->Girls und Panzer" was moved to "Garage graphics->Loading graphics->Loginscreen Background->Video->Girls und Panzer"
 - "Garage graphics->Loginscreen Background->Video->Serene Haze Loginscreen by Silgi" was moved to "Garage graphics->Loading graphics->Loginscreen Background->Video->Serene Haze Loginscreen by Silgi"
 - "Garage graphics->Loginscreen Background->Video->Loginscreen Video by Alex77" was moved to "Garage graphics->Loading graphics->Loginscreen Background->Video->Loginscreen Video by Alex77"
 - "Garage graphics->Loginscreen Background->Video->Old Memories" was moved to "Garage graphics->Loading graphics->Loginscreen Background->Video->Old Memories"
 - "Garage graphics->Loginscreen Background->Video->WWIIHWA Login Screens by Budyx69" was moved to "Garage graphics->Loading graphics->Loginscreen Background->Video->WWIIHWA Login Screens by Budyx69"
 - "Garage graphics->Loginscreen Background->Video->MLG" was moved to "Garage graphics->Loading graphics->Loginscreen Background->Video->MLG"
 - "Garage graphics->Loginscreen Background->Video->Epic Mega Music Collection by Jakis Nick" was moved to "Garage graphics->Loading graphics->Loginscreen Background->Video->Epic Mega Music Collection by Jakis Nick"
 - "Garage graphics->Loginscreen Background->Video->still image video - Picture 1 by Alex77" was moved to "Garage graphics->Loading graphics->Loginscreen Background->Video->still image video - Picture 1 by Alex77"
 - "Garage graphics->Loginscreen Background->Video->still image video - Picture 2 by Alex77" was moved to "Garage graphics->Loading graphics->Loginscreen Background->Video->still image video - Picture 2 by Alex77"
 - "Garage graphics->Loginscreen Background->Video->still image video - Picture 3 by Alex77" was moved to "Garage graphics->Loading graphics->Loginscreen Background->Video->still image video - Picture 3 by Alex77"
 - "Garage graphics->Loginscreen Background->Picture" was moved to "Garage graphics->Loading graphics->Loginscreen Background->Picture"
 - "Garage graphics->Loginscreen Background->Picture->Beach Party by HAWG (38 different pictures, varies every login)" was moved to "Garage graphics->Loading graphics->Loginscreen Background->Picture->Beach Party by HAWG (38 different pictures, varies every login)"
 - "Garage graphics->Loginscreen Background->Picture->Girls und Panzer (36 different pictures, varies every login)" was moved to "Garage graphics->Loading graphics->Loginscreen Background->Picture->Girls und Panzer (36 different pictures, varies every login)"
 - "Garage graphics->Loginscreen Background->Picture->X-Files (25 different pictures, varies every login)" was moved to "Garage graphics->Loading graphics->Loginscreen Background->Picture->X-Files (25 different pictures, varies every login)"
 - "Garage graphics->Loginscreen Background->Picture->German Tank Racing (34 different pictures, varies every login)" was moved to "Garage graphics->Loading graphics->Loginscreen Background->Picture->German Tank Racing (34 different pictures, varies every login)"
 - "Garage graphics->Loginscreen Background->Picture->Steel Maiden (36 different pictures, varies every login)" was moved to "Garage graphics->Loading graphics->Loginscreen Background->Picture->Steel Maiden (36 different pictures, varies every login)"
 - "Garage graphics->Loginscreen Background->Picture->Star Trek - United Federation of Planets" was moved to "Garage graphics->Loading graphics->Loginscreen Background->Picture->Star Trek - United Federation of Planets"
 - "Garage graphics->Loginscreen Background->Picture->Star Trek - Romulan" was moved to "Garage graphics->Loading graphics->Loginscreen Background->Picture->Star Trek - Romulan"
 - "Garage graphics->Loginscreen Background->Picture->Star Trek - Klingon" was moved to "Garage graphics->Loading graphics->Loginscreen Background->Picture->Star Trek - Klingon"
 - "Garage graphics->Loginscreen Background->Picture->Star Trek - Borg" was moved to "Garage graphics->Loading graphics->Loginscreen Background->Picture->Star Trek - Borg"

Disabled:
 - Garage graphics->Carousel graphics->Tankicons - Carousel->Regular tank icons->Aslain´s brighter tank icons
 - Garage graphics->Tech Tree

Removed:
 - Garage graphics->Carousel Daily XP Bonus Icons by HAWG->select pre-defined colors
 - Garage graphics->Carousel Daily XP Bonus Icons by HAWG->select your own colors
 - Garage graphics->Carousel Daily XP Bonus Icons by HAWG->select your own colors->2x
 - Garage graphics->Carousel Daily XP Bonus Icons by HAWG->select your own colors->3x
 - Garage graphics->Carousel Daily XP Bonus Icons by HAWG->select your own colors->4x
 - Garage graphics->Carousel Daily XP Bonus Icons by HAWG->select your own colors->5x
 - Garage graphics->Crew Icons
 - Garage graphics->Crew Icons->different crew icons
 - Garage graphics->Crew Icons->LordFelix´ tinted female crew icons
 - Garage graphics->Crew Icons->Crew Icons w/wo Nationflags by DEbranded
 - Garage graphics->Crew Skills (in personal files)
 - Garage graphics->Crew Skills (in personal files)->DEbranded´s crew skills
 - Garage graphics->Crew Skills (in personal files)->Sabaton Brotherhood by The Illusion
 - Garage graphics->Tankicons - Carousel->Ghostman101278 Regular & Premium tank icons
 - Garage graphics->Tankicons - Carousel->LegionLosts regular & premium tank icons
 - Garage graphics->Tankicons - Carousel->Regular tank icons
 - Garage graphics->Tankicons - Carousel->Regular tank icons->Aslain´s brighter tank icons
 - Garage graphics->Tankicons - Carousel->Regular tank icons->Debrandeds default -  brighter Tank Icons
 - Garage graphics->Tankicons - Carousel->Regular tank icons->Debrandeds Camouflaged Tank Icons
 - Garage graphics->Tankicons - Carousel->Premium tank icons
 - Garage graphics->Tankicons - Carousel->Premium tank icons->Aslains golden premium tanks V0
 - Garage graphics->Tankicons - Carousel->Premium tank icons->Aslains golden premium tanks V1
 - Garage graphics->Tankicons - Carousel->Premium tank icons->Debrandeds Dark Gold Premium Tanks
 - Garage graphics->Tankicons - Carousel->Premium tank icons->Debrandeds Light Gold Premium Tanks
 - Garage graphics->Tankicons - Carousel->Premium tank icons->Debrandeds Camouflaged Premium Tanks
 - Garage graphics->Tankicons - Carousel->Premium tank icons->Debrandeds preColored Tanks
 - Garage graphics->Tankicons - Carousel->Premium tank icons->Kaptain_Prio Greater Premium Tanks

Notes:
 - 

--------------------------------------------------------------------------------------------------------------------------------------------
