Database Update!

New version tag: 1.6.0.4_2019-09-02_1

Number of Added packages: 9
Number of Updated packages: 4
Number of Disabled packages: 1
Number of Removed packages: 4
Number of Moved packages: 70
Number of Renamed packages: 51
Number of Internally renamed packages: 0

Added:
 - Contour Icons/Tank Icons->Tank Icons
 - Contour Icons/Tank Icons->Tank Icons->Techtree and Vehicle List Tankicons->DEBranded´s V3 Premium preColored->DEBranded´s V3 Premium preColored
 - Contour Icons/Tank Icons->Tank Icons->Techtree and Vehicle List Tankicons->DEBranded´s V3 Premium preColored->DEBranded´s V3 Premium preColored
 - Garage graphics->Battle Results->default
 - Garage graphics->Battle Results->Battle Results by HAWG
 - Garage graphics->Battle Results->Battle Results Tank Icon
 - Garage graphics->Battle Results->Battle Results Tank Icon->Nation emblem by HAWG
 - Garage graphics->Battle Results->Battle Results Tank Icon->Nation flag by HAWG
 - Statistics->Garage Session Statistics->default

Updated:
 - Contour Icons/Tank Icons->Contour Icons->J1mB0->by Zaraki_Kenpachi_FR
 - Garage Mods->Auto-equip removeable equipment by OldSkool
 - Garage graphics->Battle Results->On battle results statistics by RaJCeL (HEAVY MOD)
 - Sound Mods->Extra Sounds->Better Timer

Renamed:
 - "WoT battle- and game-exit background screens" was renamed to "exit background screens (selectable for battle and game)"
 - "Skinner" was renamed to "Skinner (needs installed tank skins)"
 - "Carousel Tankicons" was renamed to "Carousel Tankicons"
 - "Ghostman101278 Regular & Premium tank icons" was renamed to "Ghostman101278 Regular & Premium tank icons"
 - "LegionLosts regular & premium tank icons" was renamed to "LegionLosts regular & premium tank icons"
 - "Regular tank icons" was renamed to "Regular tank icons"
 - "Aslain´s brighter tank icons" was renamed to "Aslain´s brighter tank icons"
 - "Debrandeds default -  brighter Tank Icons" was renamed to "Debrandeds default -  brighter Tank Icons"
 - "Debrandeds Camouflaged Tank Icons" was renamed to "Debrandeds Camouflaged Tank Icons"
 - "Premium tank icons" was renamed to "Premium tank icons"
 - "Aslains golden premium tanks V0" was renamed to "Aslains golden premium tanks V0"
 - "Aslains golden premium tanks V1" was renamed to "Aslains golden premium tanks V1"
 - "Debrandeds Dark Gold Premium Tanks" was renamed to "Debrandeds Dark Gold Premium Tanks"
 - "Debrandeds Light Gold Premium Tanks" was renamed to "Debrandeds Light Gold Premium Tanks"
 - "Debrandeds Camouflaged Premium Tanks" was renamed to "Debrandeds Camouflaged Premium Tanks"
 - "Debrandeds preColored Tanks" was renamed to "Debrandeds preColored Tanks"
 - "Kaptain_Prio Greater Premium Tanks" was renamed to "Kaptain_Prio Greater Premium Tanks"
 - "Techtree and Vehicle List Tankicons" was renamed to "Techtree and Vehicle List Tankicons"
 - "Aslain´s" was renamed to "Aslain´s"
 - "Aslain´s V1 (Bar)" was renamed to "Aslain´s V1 (Bar)"
 - "Aslain´s V2 (Circle)" was renamed to "Aslain´s V2 (Circle)"
 - "DEBranded´s V1 Default" was renamed to "DEBranded´s V1 Default"
 - "V1 Default Colored" was renamed to "V1 Default Colored"
 - "V1 Default DEbranded" was renamed to "V1 Default DEbranded"
 - "V1 Default Yaya" was renamed to "V1 Default Yaya"
 - "V1 Default Androdizel" was renamed to "V1 Default Androdizel"
 - "DEBranded´s V1 Camo" was renamed to "DEBranded´s V1 Camo"
 - "DEBranded´s V1 Camo Colored" was renamed to "DEBranded´s V1 Camo Colored"
 - "DEBranded´s V1 Camo DEbranded" was renamed to "DEBranded´s V1 Camo DEbranded"
 - "DEBranded´s V1 Camo Yaya" was renamed to "DEBranded´s V1 Camo Yaya"
 - "V1 Camo Androdizel" was renamed to "V1 Camo Androdizel"
 - "DEBranded´s V2 Premium Light" was renamed to "DEBranded´s V2 Premium Light"
 - "DEBranded´s V2 Premium Light Colored" was renamed to "DEBranded´s V2 Premium Light Colored"
 - "DEBranded´s V2 Premium Light DEbranded" was renamed to "DEBranded´s V2 Premium Light DEbranded"
 - "DEBranded´s V2 Premium Light Yaya" was renamed to "DEBranded´s V2 Premium Light Yaya"
 - "V2 Premium Light Androdizel" was renamed to "V2 Premium Light Androdizel"
 - "DEBranded´s V2 Premium Dark" was renamed to "DEBranded´s V2 Premium Dark"
 - "DEBranded´s V2 Premium Dark colored" was renamed to "DEBranded´s V2 Premium Dark colored"
 - "DEBranded´s V2 Premium Dark DEBranded" was renamed to "DEBranded´s V2 Premium Dark DEBranded"
 - "DEBranded´s V2 Premium Dark Yaya" was renamed to "DEBranded´s V2 Premium Dark Yaya"
 - "V2 Premium Dark Androdizel" was renamed to "V2 Premium Dark Androdizel"
 - "DEBranded´s V2 Premium Camo" was renamed to "DEBranded´s V2 Premium Camo"
 - "DEBranded´s V2 Premium Camo Colored" was renamed to "DEBranded´s V2 Premium Camo Colored"
 - "DEBranded´s V2 Premium Camo DEbranded" was renamed to "DEBranded´s V2 Premium Camo DEbranded"
 - "DEBranded´s V2 Premium Camo Yaya" was renamed to "DEBranded´s V2 Premium Camo Yaya"
 - "V2 Premium Camo Androdizel" was renamed to "V2 Premium Camo Androdizel"
 - "DEBranded´s V3 Premium preColored" was renamed to "DEBranded´s V3 Premium preColored"
 - "DEBranded´s V3 Premium preColored Yaya" was renamed to "DEBranded´s V3 Premium preColored Yaya"
 - "V3 Premium preColored Androdizel" was renamed to "V3 Premium preColored Androdizel"
 - "Ghostman101278" was renamed to "Ghostman101278"
 - "On battle results statistics by RaJCeL (HEAVY MOD)" was renamed to "On battle results statistics by RaJCeL (HEAVY MOD)"

Moved:
 - "Garage graphics->Battle Results->Battle Results by _HawgJaws_, HAWG & PigBrains->Cobra Design by PigBrains HAWG" was moved to "Garage graphics->Battle Results->Battle Results by HAWG->Cobra Design by PigBrains HAWG"
 - "Garage graphics->Battle Results->Battle Results by _HawgJaws_, HAWG & PigBrains->Darth Vader Design by HAWG" was moved to "Garage graphics->Battle Results->Battle Results by HAWG->Darth Vader Design by HAWG"
 - "Garage graphics->Battle Results->Battle Results by _HawgJaws_, HAWG & PigBrains->Fire Design by PigBrains HAWG" was moved to "Garage graphics->Battle Results->Battle Results by HAWG->Fire Design by PigBrains HAWG"
 - "Garage graphics->Battle Results->Battle Results by _HawgJaws_, HAWG & PigBrains->Grim Design by PigBrains HAWG" was moved to "Garage graphics->Battle Results->Battle Results by HAWG->Grim Design by PigBrains HAWG"
 - "Garage graphics->Battle Results->Battle Results by _HawgJaws_, HAWG & PigBrains->Leviathan by HAWG" was moved to "Garage graphics->Battle Results->Battle Results by HAWG->Leviathan by HAWG"
 - "Garage graphics->Battle Results->Battle Results by _HawgJaws_, HAWG & PigBrains->Marvin by PigBrains HAWG" was moved to "Garage graphics->Battle Results->Battle Results by HAWG->Marvin by PigBrains HAWG"
 - "Garage graphics->Battle Results->Battle Results by _HawgJaws_, HAWG & PigBrains->Minions by HAWG" was moved to "Garage graphics->Battle Results->Battle Results by HAWG->Minions by HAWG"
 - "Garage graphics->Battle Results->Battle Results by _HawgJaws_, HAWG & PigBrains->PinUps Design by PigBrains HAWG" was moved to "Garage graphics->Battle Results->Battle Results by HAWG->PinUps Design by PigBrains HAWG"
 - "Garage graphics->Battle Results->Battle Results by _HawgJaws_, HAWG & PigBrains->Sabaton by HAWG" was moved to "Garage graphics->Battle Results->Battle Results by HAWG->Sabaton by HAWG"
 - "Garage graphics->Battle Results->Battle Results by _HawgJaws_, HAWG & PigBrains->Simple Black Window by Pigbrain HAWG" was moved to "Garage graphics->Battle Results->Battle Results by HAWG->Simple Black Window by Pigbrain HAWG"
 - "Garage graphics->Battle Results->Battle Results by _HawgJaws_, HAWG & PigBrains->Simple Rustic Steel HAWG" was moved to "Garage graphics->Battle Results->Battle Results by HAWG->Simple Rustic Steel HAWG"
 - "Garage graphics->Battle Results->Battle Results by _HawgJaws_, HAWG & PigBrains->Skulls Design by PigBrains HAWG" was moved to "Garage graphics->Battle Results->Battle Results by HAWG->Skulls Design by PigBrains HAWG"
 - "Garage graphics->Battle Results->Battle Results by _HawgJaws_, HAWG & PigBrains->Skulls 2 Blue-Red-Gray by PigBrains HAWG" was moved to "Garage graphics->Battle Results->Battle Results by HAWG->Skulls 2 Blue-Red-Gray by PigBrains HAWG"
 - "Garage graphics->Battle Results->Battle Results by _HawgJaws_, HAWG & PigBrains->Skulls 2 Red-Gray-Blue by PigBrains HAWG" was moved to "Garage graphics->Battle Results->Battle Results by HAWG->Skulls 2 Red-Gray-Blue by PigBrains HAWG"
 - "Garage graphics->Battle Results->Battle Results by _HawgJaws_, HAWG & PigBrains->Tank Invasion Battle Results by PigBrains HAWG" was moved to "Garage graphics->Battle Results->Battle Results by HAWG->Tank Invasion Battle Results by PigBrains HAWG"
 - "Garage graphics->Battle Results->Battle Results by _HawgJaws_, HAWG & PigBrains->Tank Battle Results by PigBrains HAWG" was moved to "Garage graphics->Battle Results->Battle Results by HAWG->Tank Battle Results by PigBrains HAWG"
 - "Garage graphics->Battle Results->Battle Results by _HawgJaws_, HAWG & PigBrains->Trump Design by PigBrains HAWG" was moved to "Garage graphics->Battle Results->Battle Results by HAWG->Trump Design by PigBrains HAWG"
 - "Garage graphics->Battle Results->Battle Results by _HawgJaws_, HAWG & PigBrains->UK Flag Results by PigBrains HAWG" was moved to "Garage graphics->Battle Results->Battle Results by HAWG->UK Flag Results by PigBrains HAWG"
 - "Garage graphics->Battle Results->Battle Results by _HawgJaws_, HAWG & PigBrains->USA Flag Battle Results by PigBrains HAWG" was moved to "Garage graphics->Battle Results->Battle Results by HAWG->USA Flag Battle Results by PigBrains HAWG"
 - "Garage graphics->Battle Results->Battle Results by _HawgJaws_, HAWG & PigBrains->WG "Old Style" by Pigbrain HAWG" was moved to "Garage graphics->Battle Results->Battle Results by HAWG->WG "Old Style" by Pigbrain HAWG"
 - "Garage graphics->Battle Results->Battle Results by _HawgJaws_, HAWG & PigBrains->Wonder Woman Battle Results by PigBrains HAWG" was moved to "Garage graphics->Battle Results->Battle Results by HAWG->Wonder Woman Battle Results by PigBrains HAWG"
 - "Garage graphics->Carousel graphics->Carousel Tankicons" was moved to "Contour Icons/Tank Icons->Tank Icons->Carousel Tankicons"
 - "Garage graphics->Carousel graphics->Carousel Tankicons->Ghostman101278 Regular & Premium tank icons" was moved to "Contour Icons/Tank Icons->Tank Icons->Carousel Tankicons->Ghostman101278 Regular & Premium tank icons"
 - "Garage graphics->Carousel graphics->Carousel Tankicons->LegionLosts regular & premium tank icons" was moved to "Contour Icons/Tank Icons->Tank Icons->Carousel Tankicons->LegionLosts regular & premium tank icons"
 - "Garage graphics->Carousel graphics->Carousel Tankicons->Regular tank icons" was moved to "Contour Icons/Tank Icons->Tank Icons->Carousel Tankicons->Regular tank icons"
 - "Garage graphics->Carousel graphics->Carousel Tankicons->Regular tank icons->Aslain´s brighter tank icons" was moved to "Contour Icons/Tank Icons->Tank Icons->Carousel Tankicons->Regular tank icons->Aslain´s brighter tank icons"
 - "Garage graphics->Carousel graphics->Carousel Tankicons->Regular tank icons->Debrandeds default -  brighter Tank Icons" was moved to "Contour Icons/Tank Icons->Tank Icons->Carousel Tankicons->Regular tank icons->Debrandeds default -  brighter Tank Icons"
 - "Garage graphics->Carousel graphics->Carousel Tankicons->Regular tank icons->Debrandeds Camouflaged Tank Icons" was moved to "Contour Icons/Tank Icons->Tank Icons->Carousel Tankicons->Regular tank icons->Debrandeds Camouflaged Tank Icons"
 - "Garage graphics->Carousel graphics->Carousel Tankicons->Premium tank icons" was moved to "Contour Icons/Tank Icons->Tank Icons->Carousel Tankicons->Premium tank icons"
 - "Garage graphics->Carousel graphics->Carousel Tankicons->Premium tank icons->Aslains golden premium tanks V0" was moved to "Contour Icons/Tank Icons->Tank Icons->Carousel Tankicons->Premium tank icons->Aslains golden premium tanks V0"
 - "Garage graphics->Carousel graphics->Carousel Tankicons->Premium tank icons->Aslains golden premium tanks V1" was moved to "Contour Icons/Tank Icons->Tank Icons->Carousel Tankicons->Premium tank icons->Aslains golden premium tanks V1"
 - "Garage graphics->Carousel graphics->Carousel Tankicons->Premium tank icons->Debrandeds Dark Gold Premium Tanks" was moved to "Contour Icons/Tank Icons->Tank Icons->Carousel Tankicons->Premium tank icons->Debrandeds Dark Gold Premium Tanks"
 - "Garage graphics->Carousel graphics->Carousel Tankicons->Premium tank icons->Debrandeds Light Gold Premium Tanks" was moved to "Contour Icons/Tank Icons->Tank Icons->Carousel Tankicons->Premium tank icons->Debrandeds Light Gold Premium Tanks"
 - "Garage graphics->Carousel graphics->Carousel Tankicons->Premium tank icons->Debrandeds Camouflaged Premium Tanks" was moved to "Contour Icons/Tank Icons->Tank Icons->Carousel Tankicons->Premium tank icons->Debrandeds Camouflaged Premium Tanks"
 - "Garage graphics->Carousel graphics->Carousel Tankicons->Premium tank icons->Debrandeds preColored Tanks" was moved to "Contour Icons/Tank Icons->Tank Icons->Carousel Tankicons->Premium tank icons->Debrandeds preColored Tanks"
 - "Garage graphics->Carousel graphics->Carousel Tankicons->Premium tank icons->Kaptain_Prio Greater Premium Tanks" was moved to "Contour Icons/Tank Icons->Tank Icons->Carousel Tankicons->Premium tank icons->Kaptain_Prio Greater Premium Tanks"
 - "Garage graphics->Techtree and Vehicle List Tankicons" was moved to "Contour Icons/Tank Icons->Tank Icons->Techtree and Vehicle List Tankicons"
 - "Garage graphics->Techtree and Vehicle List Tankicons->Aslain´s" was moved to "Contour Icons/Tank Icons->Tank Icons->Techtree and Vehicle List Tankicons->Aslain´s"
 - "Garage graphics->Techtree and Vehicle List Tankicons->Aslain´s->Aslain´s V1 (Bar)" was moved to "Contour Icons/Tank Icons->Tank Icons->Techtree and Vehicle List Tankicons->Aslain´s->Aslain´s V1 (Bar)"
 - "Garage graphics->Techtree and Vehicle List Tankicons->Aslain´s->Aslain´s V2 (Circle)" was moved to "Contour Icons/Tank Icons->Tank Icons->Techtree and Vehicle List Tankicons->Aslain´s->Aslain´s V2 (Circle)"
 - "Garage graphics->Techtree and Vehicle List Tankicons->DEBranded´s V1 Default" was moved to "Contour Icons/Tank Icons->Tank Icons->Techtree and Vehicle List Tankicons->DEBranded´s V1 Default"
 - "Garage graphics->Techtree and Vehicle List Tankicons->DEBranded´s V1 Default->V1 Default Colored" was moved to "Contour Icons/Tank Icons->Tank Icons->Techtree and Vehicle List Tankicons->DEBranded´s V1 Default->V1 Default Colored"
 - "Garage graphics->Techtree and Vehicle List Tankicons->DEBranded´s V1 Default->V1 Default DEbranded" was moved to "Contour Icons/Tank Icons->Tank Icons->Techtree and Vehicle List Tankicons->DEBranded´s V1 Default->V1 Default DEbranded"
 - "Garage graphics->Techtree and Vehicle List Tankicons->DEBranded´s V1 Default->V1 Default Yaya" was moved to "Contour Icons/Tank Icons->Tank Icons->Techtree and Vehicle List Tankicons->DEBranded´s V1 Default->V1 Default Yaya"
 - "Garage graphics->Techtree and Vehicle List Tankicons->DEBranded´s V1 Default->V1 Default Androdizel" was moved to "Contour Icons/Tank Icons->Tank Icons->Techtree and Vehicle List Tankicons->DEBranded´s V1 Default->V1 Default Androdizel"
 - "Garage graphics->Techtree and Vehicle List Tankicons->DEBranded´s V1 Camo" was moved to "Contour Icons/Tank Icons->Tank Icons->Techtree and Vehicle List Tankicons->DEBranded´s V1 Camo"
 - "Garage graphics->Techtree and Vehicle List Tankicons->DEBranded´s V1 Camo->DEBranded´s V1 Camo Colored" was moved to "Contour Icons/Tank Icons->Tank Icons->Techtree and Vehicle List Tankicons->DEBranded´s V1 Camo->DEBranded´s V1 Camo Colored"
 - "Garage graphics->Techtree and Vehicle List Tankicons->DEBranded´s V1 Camo->DEBranded´s V1 Camo DEbranded" was moved to "Contour Icons/Tank Icons->Tank Icons->Techtree and Vehicle List Tankicons->DEBranded´s V1 Camo->DEBranded´s V1 Camo DEbranded"
 - "Garage graphics->Techtree and Vehicle List Tankicons->DEBranded´s V1 Camo->DEBranded´s V1 Camo Yaya" was moved to "Contour Icons/Tank Icons->Tank Icons->Techtree and Vehicle List Tankicons->DEBranded´s V1 Camo->DEBranded´s V1 Camo Yaya"
 - "Garage graphics->Techtree and Vehicle List Tankicons->DEBranded´s V1 Camo->V1 Camo Androdizel" was moved to "Contour Icons/Tank Icons->Tank Icons->Techtree and Vehicle List Tankicons->DEBranded´s V1 Camo->V1 Camo Androdizel"
 - "Garage graphics->Techtree and Vehicle List Tankicons->DEBranded´s V2 Premium Light" was moved to "Contour Icons/Tank Icons->Tank Icons->Techtree and Vehicle List Tankicons->DEBranded´s V2 Premium Light"
 - "Garage graphics->Techtree and Vehicle List Tankicons->DEBranded´s V2 Premium Light->DEBranded´s V2 Premium Light Colored" was moved to "Contour Icons/Tank Icons->Tank Icons->Techtree and Vehicle List Tankicons->DEBranded´s V2 Premium Light->DEBranded´s V2 Premium Light Colored"
 - "Garage graphics->Techtree and Vehicle List Tankicons->DEBranded´s V2 Premium Light->DEBranded´s V2 Premium Light DEbranded" was moved to "Contour Icons/Tank Icons->Tank Icons->Techtree and Vehicle List Tankicons->DEBranded´s V2 Premium Light->DEBranded´s V2 Premium Light DEbranded"
 - "Garage graphics->Techtree and Vehicle List Tankicons->DEBranded´s V2 Premium Light->DEBranded´s V2 Premium Light Yaya" was moved to "Contour Icons/Tank Icons->Tank Icons->Techtree and Vehicle List Tankicons->DEBranded´s V2 Premium Light->DEBranded´s V2 Premium Light Yaya"
 - "Garage graphics->Techtree and Vehicle List Tankicons->DEBranded´s V2 Premium Light->V2 Premium Light Androdizel" was moved to "Contour Icons/Tank Icons->Tank Icons->Techtree and Vehicle List Tankicons->DEBranded´s V2 Premium Light->V2 Premium Light Androdizel"
 - "Garage graphics->Techtree and Vehicle List Tankicons->DEBranded´s V2 Premium Dark" was moved to "Contour Icons/Tank Icons->Tank Icons->Techtree and Vehicle List Tankicons->DEBranded´s V2 Premium Dark"
 - "Garage graphics->Techtree and Vehicle List Tankicons->DEBranded´s V2 Premium Dark->DEBranded´s V2 Premium Dark colored" was moved to "Contour Icons/Tank Icons->Tank Icons->Techtree and Vehicle List Tankicons->DEBranded´s V2 Premium Dark->DEBranded´s V2 Premium Dark colored"
 - "Garage graphics->Techtree and Vehicle List Tankicons->DEBranded´s V2 Premium Dark->DEBranded´s V2 Premium Dark DEBranded" was moved to "Contour Icons/Tank Icons->Tank Icons->Techtree and Vehicle List Tankicons->DEBranded´s V2 Premium Dark->DEBranded´s V2 Premium Dark DEBranded"
 - "Garage graphics->Techtree and Vehicle List Tankicons->DEBranded´s V2 Premium Dark->DEBranded´s V2 Premium Dark Yaya" was moved to "Contour Icons/Tank Icons->Tank Icons->Techtree and Vehicle List Tankicons->DEBranded´s V2 Premium Dark->DEBranded´s V2 Premium Dark Yaya"
 - "Garage graphics->Techtree and Vehicle List Tankicons->DEBranded´s V2 Premium Dark->V2 Premium Dark Androdizel" was moved to "Contour Icons/Tank Icons->Tank Icons->Techtree and Vehicle List Tankicons->DEBranded´s V2 Premium Dark->V2 Premium Dark Androdizel"
 - "Garage graphics->Techtree and Vehicle List Tankicons->DEBranded´s V2 Premium Camo" was moved to "Contour Icons/Tank Icons->Tank Icons->Techtree and Vehicle List Tankicons->DEBranded´s V2 Premium Camo"
 - "Garage graphics->Techtree and Vehicle List Tankicons->DEBranded´s V2 Premium Camo->DEBranded´s V2 Premium Camo Colored" was moved to "Contour Icons/Tank Icons->Tank Icons->Techtree and Vehicle List Tankicons->DEBranded´s V2 Premium Camo->DEBranded´s V2 Premium Camo Colored"
 - "Garage graphics->Techtree and Vehicle List Tankicons->DEBranded´s V2 Premium Camo->DEBranded´s V2 Premium Camo DEbranded" was moved to "Contour Icons/Tank Icons->Tank Icons->Techtree and Vehicle List Tankicons->DEBranded´s V2 Premium Camo->DEBranded´s V2 Premium Camo DEbranded"
 - "Garage graphics->Techtree and Vehicle List Tankicons->DEBranded´s V2 Premium Camo->DEBranded´s V2 Premium Camo Yaya" was moved to "Contour Icons/Tank Icons->Tank Icons->Techtree and Vehicle List Tankicons->DEBranded´s V2 Premium Camo->DEBranded´s V2 Premium Camo Yaya"
 - "Garage graphics->Techtree and Vehicle List Tankicons->DEBranded´s V2 Premium Camo->V2 Premium Camo Androdizel" was moved to "Contour Icons/Tank Icons->Tank Icons->Techtree and Vehicle List Tankicons->DEBranded´s V2 Premium Camo->V2 Premium Camo Androdizel"
 - "Garage graphics->Techtree and Vehicle List Tankicons->DEBranded´s V3 Premium preColored" was moved to "Contour Icons/Tank Icons->Tank Icons->Techtree and Vehicle List Tankicons->DEBranded´s V3 Premium preColored"
 - "Garage graphics->Techtree and Vehicle List Tankicons->DEBranded´s V3 Premium preColored->DEBranded´s V3 Premium preColored Yaya" was moved to "Contour Icons/Tank Icons->Tank Icons->Techtree and Vehicle List Tankicons->DEBranded´s V3 Premium preColored->DEBranded´s V3 Premium preColored Yaya"
 - "Garage graphics->Techtree and Vehicle List Tankicons->DEBranded´s V3 Premium preColored->V3 Premium preColored Androdizel" was moved to "Contour Icons/Tank Icons->Tank Icons->Techtree and Vehicle List Tankicons->DEBranded´s V3 Premium preColored->V3 Premium preColored Androdizel"
 - "Garage graphics->Techtree and Vehicle List Tankicons->Ghostman101278" was moved to "Contour Icons/Tank Icons->Tank Icons->Techtree and Vehicle List Tankicons->Ghostman101278"
 - "Statistics->On battle results statistics by RaJCeL (HEAVY MOD)" was moved to "Garage graphics->Battle Results->On battle results statistics by RaJCeL (HEAVY MOD)"

Disabled:
 - Contour Icons/Tank Icons->Tank Icons->Carousel Tankicons->Regular tank icons->Aslain´s brighter tank icons

Removed:
 - Garage graphics->Battle Results->Nation Emblem Battle Results by HAWG
 - Garage graphics->Battle Results->Battle Results by _HawgJaws_, HAWG & PigBrains
 - Garage graphics->Techtree and Vehicle List Tankicons->DEBranded´s V3 Premium preColored->DEBranded´s V3 Premium preColored
 - Garage graphics->Techtree and Vehicle List Tankicons->DEBranded´s V3 Premium preColored->DEBranded´s V3 Premium preColored

Notes:
 - 

--------------------------------------------------------------------------------------------------------------------------------------------
